journal_id,ledger,account,debit,credit,accounting_date
J000001,US_PRIMARY,6000,1250,0.0,2024-03-01
J000002,EU_PRIMARY,6100,1500,700.0,2024-03-05
J000003,US_PRIMARY,4000,1750,0.0,2024-03-09
J000004,EU_PRIMARY,2100,2000,900.0,2024-03-13
J000005,US_PRIMARY,6000,2250,0.0,2024-03-17
J000006,EU_PRIMARY,6100,2500,1100.0,2024-03-21
J000007,US_PRIMARY,4000,2750,0.0,2024-03-25
J000008,EU_PRIMARY,2100,3000,600.0,2024-03-29
J000009,US_PRIMARY,6000,3250,0.0,2024-04-02
J000010,EU_PRIMARY,6100,3500,800.0,2024-04-06
J000011,US_PRIMARY,4000,3750,0.0,2024-04-10
J000012,EU_PRIMARY,2100,4000,1000.0,2024-04-14
J000013,US_PRIMARY,6000,1000,0.0,2024-04-18
J000014,EU_PRIMARY,6100,1250,500.0,2024-04-22
J000015,US_PRIMARY,4000,1500,0.0,2024-04-26
J000016,EU_PRIMARY,2100,1750,700.0,2024-04-30
J000017,US_PRIMARY,6000,2000,0.0,2024-05-04
J000018,EU_PRIMARY,6100,2250,900.0,2024-05-08
J000019,US_PRIMARY,4000,2500,0.0,2024-05-12
J000020,EU_PRIMARY,2100,2750,1100.0,2024-05-16
J000021,US_PRIMARY,6000,3000,0.0,2024-05-20
J000022,EU_PRIMARY,6100,3250,600.0,2024-05-24
J000023,US_PRIMARY,4000,3500,0.0,2024-05-28
J000024,EU_PRIMARY,2100,3750,800.0,2024-06-01
J000025,US_PRIMARY,6000,4000,0.0,2024-06-05
J000026,EU_PRIMARY,6100,1000,1000.0,2024-06-09
J000027,US_PRIMARY,4000,1250,0.0,2024-06-13
J000028,EU_PRIMARY,2100,1500,500.0,2024-06-17
J000029,US_PRIMARY,6000,1750,0.0,2024-06-21
J000030,EU_PRIMARY,6100,2000,700.0,2024-06-25
J000031,US_PRIMARY,4000,2250,0.0,2024-06-29
J000032,EU_PRIMARY,2100,2500,900.0,2024-07-03
J000033,US_PRIMARY,6000,2750,0.0,2024-07-07
J000034,EU_PRIMARY,6100,3000,1100.0,2024-07-11
J000035,US_PRIMARY,4000,3250,0.0,2024-07-15
J000036,EU_PRIMARY,2100,3500,600.0,2024-07-19
J000037,US_PRIMARY,6000,3750,0.0,2024-07-23
J000038,EU_PRIMARY,6100,4000,800.0,2024-07-27
J000039,US_PRIMARY,4000,1000,0.0,2024-07-31
J000040,EU_PRIMARY,2100,1250,1000.0,2024-08-04
J000041,US_PRIMARY,6000,1500,0.0,2024-08-08
J000042,EU_PRIMARY,6100,1750,500.0,2024-08-12
J000043,US_PRIMARY,4000,2000,0.0,2024-08-16
J000044,EU_PRIMARY,2100,2250,700.0,2024-08-20
J000045,US_PRIMARY,6000,2500,0.0,2024-08-24
J000046,EU_PRIMARY,6100,2750,900.0,2024-08-28
J000047,US_PRIMARY,4000,3000,0.0,2024-09-01
J000048,EU_PRIMARY,2100,3250,1100.0,2024-09-05
J000049,US_PRIMARY,6000,3500,0.0,2024-09-09
J000050,EU_PRIMARY,6100,3750,600.0,2024-09-13
J000051,US_PRIMARY,4000,4000,0.0,2024-09-17
J000052,EU_PRIMARY,2100,1000,800.0,2024-09-21
J000053,US_PRIMARY,6000,1250,0.0,2024-09-25
J000054,EU_PRIMARY,6100,1500,1000.0,2024-09-29
J000055,US_PRIMARY,4000,1750,0.0,2024-10-03
J000056,EU_PRIMARY,2100,2000,500.0,2024-10-07
J000057,US_PRIMARY,6000,2250,0.0,2024-10-11
J000058,EU_PRIMARY,6100,2500,700.0,2024-10-15
J000059,US_PRIMARY,4000,2750,0.0,2024-10-19
J000060,EU_PRIMARY,2100,3000,900.0,2024-10-23
J000061,US_PRIMARY,6000,3250,0.0,2024-10-27
J000062,EU_PRIMARY,6100,3500,1100.0,2024-10-31
J000063,US_PRIMARY,4000,3750,0.0,2024-11-04
J000064,EU_PRIMARY,2100,4000,600.0,2024-11-08
J000065,US_PRIMARY,6000,1000,0.0,2024-11-12
J000066,EU_PRIMARY,6100,1250,800.0,2024-11-16
J000067,US_PRIMARY,4000,1500,0.0,2024-11-20
J000068,EU_PRIMARY,2100,1750,1000.0,2024-11-24
J000069,US_PRIMARY,6000,2000,0.0,2024-11-28
J000070,EU_PRIMARY,6100,2250,500.0,2024-12-02
J000071,US_PRIMARY,4000,2500,0.0,2024-12-06
J000072,EU_PRIMARY,2100,2750,700.0,2024-12-10
J000073,US_PRIMARY,6000,3000,0.0,2024-12-14
J000074,EU_PRIMARY,6100,3250,900.0,2024-12-18
J000075,US_PRIMARY,4000,3500,0.0,2024-12-22
J000076,EU_PRIMARY,2100,3750,1100.0,2024-12-26
J000077,US_PRIMARY,6000,4000,0.0,2024-12-30
J000078,EU_PRIMARY,6100,1000,600.0,2025-01-03
J000079,US_PRIMARY,4000,1250,0.0,2025-01-07
J000080,EU_PRIMARY,2100,1500,800.0,2025-01-11
J000081,US_PRIMARY,6000,1750,0.0,2025-01-15
J000082,EU_PRIMARY,6100,2000,1000.0,2025-01-19
J000083,US_PRIMARY,4000,2250,0.0,2025-01-23
J000084,EU_PRIMARY,2100,2500,500.0,2025-01-27
J000085,US_PRIMARY,6000,2750,0.0,2025-01-31
J000086,EU_PRIMARY,6100,3000,700.0,2025-02-04
J000087,US_PRIMARY,4000,3250,0.0,2025-02-08
J000088,EU_PRIMARY,2100,3500,900.0,2025-02-12
J000089,US_PRIMARY,6000,3750,0.0,2025-02-16
J000090,EU_PRIMARY,6100,4000,1100.0,2025-02-20
