order_id,amount,order_date
O02500,10,2024-09-15
O02501,11,2024-09-15
O02502,12,2024-09-15
O02503,13,2024-09-15
O02504,14,2024-09-15
O02505,15,2024-09-15
O02506,16,2024-09-15
O02507,17,2024-09-15
O02508,18,2024-09-15
O02509,19,2024-09-15
O02510,20,2024-09-15
O02511,21,2024-09-15
O02512,22,2024-09-15
O02513,23,2024-09-15
O02514,24,2024-09-15
O02515,25,2024-09-15
O02516,26,2024-09-15
O02517,27,2024-09-15
O02518,28,2024-09-15
O02519,29,2024-09-15
O02520,30,2024-09-15
O02521,31,2024-09-15
O02522,32,2024-09-15
O02523,33,2024-09-15
O02524,34,2024-09-15
O02525,35,2024-09-15
O02526,36,2024-09-15
O02527,37,2024-09-15
O02528,38,2024-09-15
O02529,39,2024-09-15
O02530,40,2024-09-15
O02531,41,2024-09-15
O02532,42,2024-09-15
O02533,43,2024-09-15
O02534,44,2024-09-15
O02535,45,2024-09-15
O02536,46,2024-09-15
O02537,47,2024-09-15
O02538,48,2024-09-15
O02539,49,2024-09-15
O02540,50,2024-09-15
O02541,51,2024-09-15
O02542,52,2024-09-15
O02543,53,2024-09-15
O02544,54,2024-09-15
O02545,55,2024-09-15
O02546,56,2024-09-15
O02547,57,2024-09-15
O02548,58,2024-09-15
O02549,59,2024-09-15
O02550,10,2024-09-15
O02551,11,2024-09-15
O02552,12,2024-09-15
O02553,13,2024-09-15
O02554,14,2024-09-15
O02555,15,2024-09-15
O02556,16,2024-09-15
O02557,17,2024-09-15
O02558,18,2024-09-15
O02559,19,2024-09-15
O02560,20,2024-09-15
O02561,21,2024-09-15
O02562,22,2024-09-15
O02563,23,2024-09-15
O02564,24,2024-09-15
O02565,25,2024-09-15
O02566,26,2024-09-15
O02567,27,2024-09-15
O02568,28,2024-09-15
O02569,29,2024-09-15
O02570,30,2024-09-15
O02571,31,2024-09-15
O02572,32,2024-09-15
O02573,33,2024-09-15
O02574,34,2024-09-15
O02575,35,2024-09-15
O02576,36,2024-09-15
O02577,37,2024-09-15
O02578,38,2024-09-15
O02579,39,2024-09-15
O02580,40,2024-09-15
O02581,41,2024-09-15
O02582,42,2024-09-15
O02583,43,2024-09-15
O02584,44,2024-09-15
O02585,45,2024-09-15
O02586,46,2024-09-15
O02587,47,2024-09-15
O02588,48,2024-09-15
O02589,49,2024-09-15
O02590,50,2024-09-15
O02591,51,2024-09-15
O02592,52,2024-09-15
O02593,53,2024-09-15
O02594,54,2024-09-15
O02595,55,2024-09-15
O02596,56,2024-09-15
O02597,57,2024-09-15
O02598,58,2024-09-15
O02599,59,2024-09-15
O02600,10,2024-09-15
O02601,11,2024-09-15
O02602,12,2024-09-15
O02603,13,2024-09-15
O02604,14,2024-09-15
O02605,15,2024-09-15
O02606,16,2024-09-15
O02607,17,2024-09-15
O02608,18,2024-09-15
O02609,19,2024-09-15
O02610,20,2024-09-15
O02611,21,2024-09-15
O02612,22,2024-09-15
O02613,23,2024-09-15
O02614,24,2024-09-15
O02615,25,2024-09-15
O02616,26,2024-09-15
O02617,27,2024-09-15
O02618,28,2024-09-15
O02619,29,2024-09-15
O02620,30,2024-09-15
O02621,31,2024-09-15
O02622,32,2024-09-15
O02623,33,2024-09-15
O02624,34,2024-09-15
O02625,35,2024-09-15
O02626,36,2024-09-15
O02627,37,2024-09-15
O02628,38,2024-09-15
O02629,39,2024-09-15
O02630,40,2024-09-15
O02631,41,2024-09-15
O02632,42,2024-09-15
O02633,43,2024-09-15
O02634,44,2024-09-15
O02635,45,2024-09-15
O02636,46,2024-09-15
O02637,47,2024-09-15
O02638,48,2024-09-15
O02639,49,2024-09-15
O02640,50,2024-09-15
O02641,51,2024-09-15
O02642,52,2024-09-15
O02643,53,2024-09-15
O02644,54,2024-09-15
O02645,55,2024-09-15
O02646,56,2024-09-15
O02647,57,2024-09-15
O02648,58,2024-09-15
O02649,59,2024-09-15
O02650,10,2024-09-15
O02651,11,2024-09-15
O02652,12,2024-09-15
O02653,13,2024-09-15
O02654,14,2024-09-15
O02655,15,2024-09-15
O02656,16,2024-09-15
O02657,17,2024-09-15
O02658,18,2024-09-15
O02659,19,2024-09-15
O02660,20,2024-09-15
O02661,21,2024-09-15
O02662,22,2024-09-15
O02663,23,2024-09-15
O02664,24,2024-09-15
O02665,25,2024-09-15
O02666,26,2024-09-15
O02667,27,2024-09-15
O02668,28,2024-09-15
O02669,29,2024-09-15
O02670,30,2024-09-15
O02671,31,2024-09-15
O02672,32,2024-09-15
O02673,33,2024-09-15
O02674,34,2024-09-15
O02675,35,2024-09-15
O02676,36,2024-09-15
O02677,37,2024-09-15
O02678,38,2024-09-15
O02679,39,2024-09-15
O02680,40,2024-09-15
O02681,41,2024-09-15
O02682,42,2024-09-15
O02683,43,2024-09-15
O02684,44,2024-09-15
O02685,45,2024-09-15
O02686,46,2024-09-15
O02687,47,2024-09-15
O02688,48,2024-09-15
O02689,49,2024-09-15
O02690,50,2024-09-15
O02691,51,2024-09-15
O02692,52,2024-09-15
O02693,53,2024-09-15
O02694,54,2024-09-15
O02695,55,2024-09-15
O02696,56,2024-09-15
O02697,57,2024-09-15
O02698,58,2024-09-15
O02699,59,2024-09-15
O02700,10,2024-09-15
O02701,11,2024-09-15
O02702,12,2024-09-15
O02703,13,2024-09-15
O02704,14,2024-09-15
O02705,15,2024-09-15
O02706,16,2024-09-15
O02707,17,2024-09-15
O02708,18,2024-09-15
O02709,19,2024-09-15
O02710,20,2024-09-15
O02711,21,2024-09-15
O02712,22,2024-09-15
O02713,23,2024-09-15
O02714,24,2024-09-15
O02715,25,2024-09-15
O02716,26,2024-09-15
O02717,27,2024-09-15
O02718,28,2024-09-15
O02719,29,2024-09-15
O02720,30,2024-09-15
O02721,31,2024-09-15
O02722,32,2024-09-15
O02723,33,2024-09-15
O02724,34,2024-09-15
O02725,35,2024-09-15
O02726,36,2024-09-15
O02727,37,2024-09-15
O02728,38,2024-09-15
O02729,39,2024-09-15
O02730,40,2024-09-15
O02731,41,2024-09-15
O02732,42,2024-09-15
O02733,43,2024-09-15
O02734,44,2024-09-15
O02735,45,2024-09-15
O02736,46,2024-09-15
O02737,47,2024-09-15
O02738,48,2024-09-15
O02739,49,2024-09-15
O02740,50,2024-09-15
O02741,51,2024-09-15
O02742,52,2024-09-15
O02743,53,2024-09-15
O02744,54,2024-09-15
O02745,55,2024-09-15
O02746,56,2024-09-15
O02747,57,2024-09-15
O02748,58,2024-09-15
O02749,59,2024-09-15
O02750,10,2024-09-15
O02751,11,2024-09-15
O02752,12,2024-09-15
O02753,13,2024-09-15
O02754,14,2024-09-15
O02755,15,2024-09-15
O02756,16,2024-09-15
O02757,17,2024-09-15
O02758,18,2024-09-15
O02759,19,2024-09-15
O02760,20,2024-09-15
O02761,21,2024-09-15
O02762,22,2024-09-15
O02763,23,2024-09-15
O02764,24,2024-09-15
O02765,25,2024-09-15
O02766,26,2024-09-15
O02767,27,2024-09-15
O02768,28,2024-09-15
O02769,29,2024-09-15
O02770,30,2024-09-15
O02771,31,2024-09-15
O02772,32,2024-09-15
O02773,33,2024-09-15
O02774,34,2024-09-15
O02775,35,2024-09-15
O02776,36,2024-09-15
O02777,37,2024-09-15
O02778,38,2024-09-15
O02779,39,2024-09-15
O02780,40,2024-09-15
O02781,41,2024-09-15
O02782,42,2024-09-15
O02783,43,2024-09-15
O02784,44,2024-09-15
O02785,45,2024-09-15
O02786,46,2024-09-15
O02787,47,2024-09-15
O02788,48,2024-09-15
O02789,49,2024-09-15
O02790,50,2024-09-15
O02791,51,2024-09-15
O02792,52,2024-09-15
O02793,53,2024-09-15
O02794,54,2024-09-15
O02795,55,2024-09-15
O02796,56,2024-09-15
O02797,57,2024-09-15
O02798,58,2024-09-15
O02799,59,2024-09-15
O02800,10,2024-09-15
O02801,11,2024-09-15
O02802,12,2024-09-15
O02803,13,2024-09-15
O02804,14,2024-09-15
O02805,15,2024-09-15
O02806,16,2024-09-15
O02807,17,2024-09-15
O02808,18,2024-09-15
O02809,19,2024-09-15
O02810,20,2024-09-15
O02811,21,2024-09-15
O02812,22,2024-09-15
O02813,23,2024-09-15
O02814,24,2024-09-15
O02815,25,2024-09-15
O02816,26,2024-09-15
O02817,27,2024-09-15
O02818,28,2024-09-15
O02819,29,2024-09-15
O02820,30,2024-09-15
O02821,31,2024-09-15
O02822,32,2024-09-15
O02823,33,2024-09-15
O02824,34,2024-09-15
O02825,35,2024-09-15
O02826,36,2024-09-15
O02827,37,2024-09-15
O02828,38,2024-09-15
O02829,39,2024-09-15
O02830,40,2024-09-15
O02831,41,2024-09-15
O02832,42,2024-09-15
O02833,43,2024-09-15
O02834,44,2024-09-15
O02835,45,2024-09-15
O02836,46,2024-09-15
O02837,47,2024-09-15
O02838,48,2024-09-15
O02839,49,2024-09-15
O02840,50,2024-09-15
O02841,51,2024-09-15
O02842,52,2024-09-15
O02843,53,2024-09-15
O02844,54,2024-09-15
O02845,55,2024-09-15
O02846,56,2024-09-15
O02847,57,2024-09-15
O02848,58,2024-09-15
O02849,59,2024-09-15
O02850,10,2024-09-15
O02851,11,2024-09-15
O02852,12,2024-09-15
O02853,13,2024-09-15
O02854,14,2024-09-15
O02855,15,2024-09-15
O02856,16,2024-09-15
O02857,17,2024-09-15
O02858,18,2024-09-15
O02859,19,2024-09-15
O02860,20,2024-09-15
O02861,21,2024-09-15
O02862,22,2024-09-15
O02863,23,2024-09-15
O02864,24,2024-09-15
O02865,25,2024-09-15
O02866,26,2024-09-15
O02867,27,2024-09-15
O02868,28,2024-09-15
O02869,29,2024-09-15
O02870,30,2024-09-15
O02871,31,2024-09-15
O02872,32,2024-09-15
O02873,33,2024-09-15
O02874,34,2024-09-15
O02875,35,2024-09-15
O02876,36,2024-09-15
O02877,37,2024-09-15
O02878,38,2024-09-15
O02879,39,2024-09-15
O02880,40,2024-09-15
O02881,41,2024-09-15
O02882,42,2024-09-15
O02883,43,2024-09-15
O02884,44,2024-09-15
O02885,45,2024-09-15
O02886,46,2024-09-15
O02887,47,2024-09-15
O02888,48,2024-09-15
O02889,49,2024-09-15
O02890,50,2024-09-15
O02891,51,2024-09-15
O02892,52,2024-09-15
O02893,53,2024-09-15
O02894,54,2024-09-15
O02895,55,2024-09-15
O02896,56,2024-09-15
O02897,57,2024-09-15
O02898,58,2024-09-15
O02899,59,2024-09-15
O02900,10,2024-09-15
O02901,11,2024-09-15
O02902,12,2024-09-15
O02903,13,2024-09-15
O02904,14,2024-09-15
O02905,15,2024-09-15
O02906,16,2024-09-15
O02907,17,2024-09-15
O02908,18,2024-09-15
O02909,19,2024-09-15
O02910,20,2024-09-15
O02911,21,2024-09-15
O02912,22,2024-09-15
O02913,23,2024-09-15
O02914,24,2024-09-15
O02915,25,2024-09-15
O02916,26,2024-09-15
O02917,27,2024-09-15
O02918,28,2024-09-15
O02919,29,2024-09-15
O02920,30,2024-09-15
O02921,31,2024-09-15
O02922,32,2024-09-15
O02923,33,2024-09-15
O02924,34,2024-09-15
O02925,35,2024-09-15
O02926,36,2024-09-15
O02927,37,2024-09-15
O02928,38,2024-09-15
O02929,39,2024-09-15
O02930,40,2024-09-15
O02931,41,2024-09-15
O02932,42,2024-09-15
O02933,43,2024-09-15
O02934,44,2024-09-15
O02935,45,2024-09-15
O02936,46,2024-09-15
O02937,47,2024-09-15
O02938,48,2024-09-15
O02939,49,2024-09-15
O02940,50,2024-09-15
O02941,51,2024-09-15
O02942,52,2024-09-15
O02943,53,2024-09-15
O02944,54,2024-09-15
O02945,55,2024-09-15
O02946,56,2024-09-15
O02947,57,2024-09-15
O02948,58,2024-09-15
O02949,59,2024-09-15
O02950,10,2024-09-15
O02951,11,2024-09-15
O02952,12,2024-09-15
O02953,13,2024-09-15
O02954,14,2024-09-15
O02955,15,2024-09-15
O02956,16,2024-09-15
O02957,17,2024-09-15
O02958,18,2024-09-15
O02959,19,2024-09-15
O02960,20,2024-09-15
O02961,21,2024-09-15
O02962,22,2024-09-15
O02963,23,2024-09-15
O02964,24,2024-09-15
O02965,25,2024-09-15
O02966,26,2024-09-15
O02967,27,2024-09-15
O02968,28,2024-09-15
O02969,29,2024-09-15
O02970,30,2024-09-15
O02971,31,2024-09-15
O02972,32,2024-09-15
O02973,33,2024-09-15
O02974,34,2024-09-15
O02975,35,2024-09-15
O02976,36,2024-09-15
O02977,37,2024-09-15
O02978,38,2024-09-15
O02979,39,2024-09-15
O02980,40,2024-09-15
O02981,41,2024-09-15
O02982,42,2024-09-15
O02983,43,2024-09-15
O02984,44,2024-09-15
O02985,45,2024-09-15
O02986,46,2024-09-15
O02987,47,2024-09-15
O02988,48,2024-09-15
O02989,49,2024-09-15
O02990,50,2024-09-15
O02991,51,2024-09-15
O02992,52,2024-09-15
O02993,53,2024-09-15
O02994,54,2024-09-15
O02995,55,2024-09-15
O02996,56,2024-09-15
O02997,57,2024-09-15
O02998,58,2024-09-15
O02999,59,2024-09-15
O03000,10,2024-09-15
O03001,11,2024-09-15
O03002,12,2024-09-15
O03003,13,2024-09-15
O03004,14,2024-09-15
O03005,15,2024-09-15
O03006,16,2024-09-15
O03007,17,2024-09-15
O03008,18,2024-09-15
O03009,19,2024-09-15
O03010,20,2024-09-15
O03011,21,2024-09-15
O03012,22,2024-09-15
O03013,23,2024-09-15
O03014,24,2024-09-15
O03015,25,2024-09-15
O03016,26,2024-09-15
O03017,27,2024-09-15
O03018,28,2024-09-15
O03019,29,2024-09-15
O03020,30,2024-09-15
O03021,31,2024-09-15
O03022,32,2024-09-15
O03023,33,2024-09-15
O03024,34,2024-09-15
O03025,35,2024-09-15
O03026,36,2024-09-15
O03027,37,2024-09-15
O03028,38,2024-09-15
O03029,39,2024-09-15
O03030,40,2024-09-15
O03031,41,2024-09-15
O03032,42,2024-09-15
O03033,43,2024-09-15
O03034,44,2024-09-15
O03035,45,2024-09-15
O03036,46,2024-09-15
O03037,47,2024-09-15
O03038,48,2024-09-15
O03039,49,2024-09-15
O03040,50,2024-09-15
O03041,51,2024-09-15
O03042,52,2024-09-15
O03043,53,2024-09-15
O03044,54,2024-09-15
O03045,55,2024-09-15
O03046,56,2024-09-15
O03047,57,2024-09-15
O03048,58,2024-09-15
O03049,59,2024-09-15
O03050,10,2024-09-15
O03051,11,2024-09-15
O03052,12,2024-09-15
O03053,13,2024-09-15
O03054,14,2024-09-15
O03055,15,2024-09-15
O03056,16,2024-09-15
O03057,17,2024-09-15
O03058,18,2024-09-15
O03059,19,2024-09-15
O03060,20,2024-09-15
O03061,21,2024-09-15
O03062,22,2024-09-15
O03063,23,2024-09-15
O03064,24,2024-09-15
O03065,25,2024-09-15
O03066,26,2024-09-15
O03067,27,2024-09-15
O03068,28,2024-09-15
O03069,29,2024-09-15
O03070,30,2024-09-15
O03071,31,2024-09-15
O03072,32,2024-09-15
O03073,33,2024-09-15
O03074,34,2024-09-15
O03075,35,2024-09-15
O03076,36,2024-09-15
O03077,37,2024-09-15
O03078,38,2024-09-15
O03079,39,2024-09-15
O03080,40,2024-09-15
O03081,41,2024-09-15
O03082,42,2024-09-15
O03083,43,2024-09-15
O03084,44,2024-09-15
O03085,45,2024-09-15
O03086,46,2024-09-15
O03087,47,2024-09-15
O03088,48,2024-09-15
O03089,49,2024-09-15
O03090,50,2024-09-15
O03091,51,2024-09-15
O03092,52,2024-09-15
O03093,53,2024-09-15
O03094,54,2024-09-15
O03095,55,2024-09-15
O03096,56,2024-09-15
O03097,57,2024-09-15
O03098,58,2024-09-15
O03099,59,2024-09-15
O03100,10,2024-09-15
O03101,11,2024-09-15
O03102,12,2024-09-15
O03103,13,2024-09-15
O03104,14,2024-09-15
O03105,15,2024-09-15
O03106,16,2024-09-15
O03107,17,2024-09-15
O03108,18,2024-09-15
O03109,19,2024-09-15
O03110,20,2024-09-15
O03111,21,2024-09-15
O03112,22,2024-09-15
O03113,23,2024-09-15
O03114,24,2024-09-15
O03115,25,2024-09-15
O03116,26,2024-09-15
O03117,27,2024-09-15
O03118,28,2024-09-15
O03119,29,2024-09-15
O03120,30,2024-09-15
O03121,31,2024-09-15
O03122,32,2024-09-15
O03123,33,2024-09-15
O03124,34,2024-09-15
O03125,35,2024-09-15
O03126,36,2024-09-15
O03127,37,2024-09-15
O03128,38,2024-09-15
O03129,39,2024-09-15
O03130,40,2024-09-15
O03131,41,2024-09-15
O03132,42,2024-09-15
O03133,43,2024-09-15
O03134,44,2024-09-15
O03135,45,2024-09-15
O03136,46,2024-09-15
O03137,47,2024-09-15
O03138,48,2024-09-15
O03139,49,2024-09-15
O03140,50,2024-09-15
O03141,51,2024-09-15
O03142,52,2024-09-15
O03143,53,2024-09-15
O03144,54,2024-09-15
O03145,55,2024-09-15
O03146,56,2024-09-15
O03147,57,2024-09-15
O03148,58,2024-09-15
O03149,59,2024-09-15
O03150,10,2024-09-15
O03151,11,2024-09-15
O03152,12,2024-09-15
O03153,13,2024-09-15
O03154,14,2024-09-15
O03155,15,2024-09-15
O03156,16,2024-09-15
O03157,17,2024-09-15
O03158,18,2024-09-15
O03159,19,2024-09-15
O03160,20,2024-09-15
O03161,21,2024-09-15
O03162,22,2024-09-15
O03163,23,2024-09-15
O03164,24,2024-09-15
O03165,25,2024-09-15
O03166,26,2024-09-15
O03167,27,2024-09-15
O03168,28,2024-09-15
O03169,29,2024-09-15
O03170,30,2024-09-15
O03171,31,2024-09-15
O03172,32,2024-09-15
O03173,33,2024-09-15
O03174,34,2024-09-15
O03175,35,2024-09-15
O03176,36,2024-09-15
O03177,37,2024-09-15
O03178,38,2024-09-15
O03179,39,2024-09-15
O03180,40,2024-09-15
O03181,41,2024-09-15
O03182,42,2024-09-15
O03183,43,2024-09-15
O03184,44,2024-09-15
O03185,45,2024-09-15
O03186,46,2024-09-15
O03187,47,2024-09-15
O03188,48,2024-09-15
O03189,49,2024-09-15
O03190,50,2024-09-15
O03191,51,2024-09-15
O03192,52,2024-09-15
O03193,53,2024-09-15
O03194,54,2024-09-15
O03195,55,2024-09-15
O03196,56,2024-09-15
O03197,57,2024-09-15
O03198,58,2024-09-15
O03199,59,2024-09-15
O03200,10,2024-09-15
O03201,11,2024-09-15
O03202,12,2024-09-15
O03203,13,2024-09-15
O03204,14,2024-09-15
O03205,15,2024-09-15
O03206,16,2024-09-15
O03207,17,2024-09-15
O03208,18,2024-09-15
O03209,19,2024-09-15
O03210,20,2024-09-15
O03211,21,2024-09-15
O03212,22,2024-09-15
O03213,23,2024-09-15
O03214,24,2024-09-15
O03215,25,2024-09-15
O03216,26,2024-09-15
O03217,27,2024-09-15
O03218,28,2024-09-15
O03219,29,2024-09-15
O03220,30,2024-09-15
O03221,31,2024-09-15
O03222,32,2024-09-15
O03223,33,2024-09-15
O03224,34,2024-09-15
O03225,35,2024-09-15
O03226,36,2024-09-15
O03227,37,2024-09-15
O03228,38,2024-09-15
O03229,39,2024-09-15
O03230,40,2024-09-15
O03231,41,2024-09-15
O03232,42,2024-09-15
O03233,43,2024-09-15
O03234,44,2024-09-15
O03235,45,2024-09-15
O03236,46,2024-09-15
O03237,47,2024-09-15
O03238,48,2024-09-15
O03239,49,2024-09-15
O03240,50,2024-09-15
O03241,51,2024-09-15
O03242,52,2024-09-15
O03243,53,2024-09-15
O03244,54,2024-09-15
O03245,55,2024-09-15
O03246,56,2024-09-15
O03247,57,2024-09-15
O03248,58,2024-09-15
O03249,59,2024-09-15
O03250,10,2024-09-15
O03251,11,2024-09-15
O03252,12,2024-09-15
O03253,13,2024-09-15
O03254,14,2024-09-15
O03255,15,2024-09-15
O03256,16,2024-09-15
O03257,17,2024-09-15
O03258,18,2024-09-15
O03259,19,2024-09-15
O03260,20,2024-09-15
O03261,21,2024-09-15
O03262,22,2024-09-15
O03263,23,2024-09-15
O03264,24,2024-09-15
O03265,25,2024-09-15
O03266,26,2024-09-15
O03267,27,2024-09-15
O03268,28,2024-09-15
O03269,29,2024-09-15
O03270,30,2024-09-15
O03271,31,2024-09-15
O03272,32,2024-09-15
O03273,33,2024-09-15
O03274,34,2024-09-15
O03275,35,2024-09-15
O03276,36,2024-09-15
O03277,37,2024-09-15
O03278,38,2024-09-15
O03279,39,2024-09-15
O03280,40,2024-09-15
O03281,41,2024-09-15
O03282,42,2024-09-15
O03283,43,2024-09-15
O03284,44,2024-09-15
O03285,45,2024-09-15
O03286,46,2024-09-15
O03287,47,2024-09-15
O03288,48,2024-09-15
O03289,49,2024-09-15
O03290,50,2024-09-15
O03291,51,2024-09-15
O03292,52,2024-09-15
O03293,53,2024-09-15
O03294,54,2024-09-15
O03295,55,2024-09-15
O03296,56,2024-09-15
O03297,57,2024-09-15
O03298,58,2024-09-15
O03299,59,2024-09-15
O03300,10,2024-09-15
O03301,11,2024-09-15
O03302,12,2024-09-15
O03303,13,2024-09-15
O03304,14,2024-09-15
O03305,15,2024-09-15
O03306,16,2024-09-15
O03307,17,2024-09-15
O03308,18,2024-09-15
O03309,19,2024-09-15
O03310,20,2024-09-15
O03311,21,2024-09-15
O03312,22,2024-09-15
O03313,23,2024-09-15
O03314,24,2024-09-15
O03315,25,2024-09-15
O03316,26,2024-09-15
O03317,27,2024-09-15
O03318,28,2024-09-15
O03319,29,2024-09-15
O03320,30,2024-09-15
O03321,31,2024-09-15
O03322,32,2024-09-15
O03323,33,2024-09-15
O03324,34,2024-09-15
O03325,35,2024-09-15
O03326,36,2024-09-15
O03327,37,2024-09-15
O03328,38,2024-09-15
O03329,39,2024-09-15
O03330,40,2024-09-15
O03331,41,2024-09-15
O03332,42,2024-09-15
O03333,43,2024-09-15
O03334,44,2024-09-15
O03335,45,2024-09-15
O03336,46,2024-09-15
O03337,47,2024-09-15
O03338,48,2024-09-15
O03339,49,2024-09-15
O03340,50,2024-09-15
O03341,51,2024-09-15
O03342,52,2024-09-15
O03343,53,2024-09-15
O03344,54,2024-09-15
O03345,55,2024-09-15
O03346,56,2024-09-15
O03347,57,2024-09-15
O03348,58,2024-09-15
O03349,59,2024-09-15
O03350,10,2024-09-15
O03351,11,2024-09-15
O03352,12,2024-09-15
O03353,13,2024-09-15
O03354,14,2024-09-15
O03355,15,2024-09-15
O03356,16,2024-09-15
O03357,17,2024-09-15
O03358,18,2024-09-15
O03359,19,2024-09-15
O03360,20,2024-09-15
O03361,21,2024-09-15
O03362,22,2024-09-15
O03363,23,2024-09-15
O03364,24,2024-09-15
O03365,25,2024-09-15
O03366,26,2024-09-15
O03367,27,2024-09-15
O03368,28,2024-09-15
O03369,29,2024-09-15
O03370,30,2024-09-15
O03371,31,2024-09-15
O03372,32,2024-09-15
O03373,33,2024-09-15
O03374,34,2024-09-15
O03375,35,2024-09-15
O03376,36,2024-09-15
O03377,37,2024-09-15
O03378,38,2024-09-15
O03379,39,2024-09-15
O03380,40,2024-09-15
O03381,41,2024-09-15
O03382,42,2024-09-15
O03383,43,2024-09-15
O03384,44,2024-09-15
O03385,45,2024-09-15
O03386,46,2024-09-15
O03387,47,2024-09-15
O03388,48,2024-09-15
O03389,49,2024-09-15
O03390,50,2024-09-15
O03391,51,2024-09-15
O03392,52,2024-09-15
O03393,53,2024-09-15
O03394,54,2024-09-15
O03395,55,2024-09-15
O03396,56,2024-09-15
O03397,57,2024-09-15
O03398,58,2024-09-15
O03399,59,2024-09-15
O03400,10,2024-09-15
O03401,11,2024-09-15
O03402,12,2024-09-15
O03403,13,2024-09-15
O03404,14,2024-09-15
O03405,15,2024-09-15
O03406,16,2024-09-15
O03407,17,2024-09-15
O03408,18,2024-09-15
O03409,19,2024-09-15
O03410,20,2024-09-15
O03411,21,2024-09-15
O03412,22,2024-09-15
O03413,23,2024-09-15
O03414,24,2024-09-15
O03415,25,2024-09-15
O03416,26,2024-09-15
O03417,27,2024-09-15
O03418,28,2024-09-15
O03419,29,2024-09-15
O03420,30,2024-09-15
O03421,31,2024-09-15
O03422,32,2024-09-15
O03423,33,2024-09-15
O03424,34,2024-09-15
O03425,35,2024-09-15
O03426,36,2024-09-15
O03427,37,2024-09-15
O03428,38,2024-09-15
O03429,39,2024-09-15
O03430,40,2024-09-15
O03431,41,2024-09-15
O03432,42,2024-09-15
O03433,43,2024-09-15
O03434,44,2024-09-15
O03435,45,2024-09-15
O03436,46,2024-09-15
O03437,47,2024-09-15
O03438,48,2024-09-15
O03439,49,2024-09-15
O03440,50,2024-09-15
O03441,51,2024-09-15
O03442,52,2024-09-15
O03443,53,2024-09-15
O03444,54,2024-09-15
O03445,55,2024-09-15
O03446,56,2024-09-15
O03447,57,2024-09-15
O03448,58,2024-09-15
O03449,59,2024-09-15
O03450,10,2024-09-15
O03451,11,2024-09-15
O03452,12,2024-09-15
O03453,13,2024-09-15
O03454,14,2024-09-15
O03455,15,2024-09-15
O03456,16,2024-09-15
O03457,17,2024-09-15
O03458,18,2024-09-15
O03459,19,2024-09-15
O03460,20,2024-09-15
O03461,21,2024-09-15
O03462,22,2024-09-15
O03463,23,2024-09-15
O03464,24,2024-09-15
O03465,25,2024-09-15
O03466,26,2024-09-15
O03467,27,2024-09-15
O03468,28,2024-09-15
O03469,29,2024-09-15
O03470,30,2024-09-15
O03471,31,2024-09-15
O03472,32,2024-09-15
O03473,33,2024-09-15
O03474,34,2024-09-15
O03475,35,2024-09-15
O03476,36,2024-09-15
O03477,37,2024-09-15
O03478,38,2024-09-15
O03479,39,2024-09-15
O03480,40,2024-09-15
O03481,41,2024-09-15
O03482,42,2024-09-15
O03483,43,2024-09-15
O03484,44,2024-09-15
O03485,45,2024-09-15
O03486,46,2024-09-15
O03487,47,2024-09-15
O03488,48,2024-09-15
O03489,49,2024-09-15
O03490,50,2024-09-15
O03491,51,2024-09-15
O03492,52,2024-09-15
O03493,53,2024-09-15
O03494,54,2024-09-15
O03495,55,2024-09-15
O03496,56,2024-09-15
O03497,57,2024-09-15
O03498,58,2024-09-15
O03499,59,2024-09-15
O03500,10,2024-09-15
O03501,11,2024-09-15
O03502,12,2024-09-15
O03503,13,2024-09-15
O03504,14,2024-09-15
O03505,15,2024-09-15
O03506,16,2024-09-15
O03507,17,2024-09-15
O03508,18,2024-09-15
O03509,19,2024-09-15
O03510,20,2024-09-15
O03511,21,2024-09-15
O03512,22,2024-09-15
O03513,23,2024-09-15
O03514,24,2024-09-15
O03515,25,2024-09-15
O03516,26,2024-09-15
O03517,27,2024-09-15
O03518,28,2024-09-15
O03519,29,2024-09-15
O03520,30,2024-09-15
O03521,31,2024-09-15
O03522,32,2024-09-15
O03523,33,2024-09-15
O03524,34,2024-09-15
O03525,35,2024-09-15
O03526,36,2024-09-15
O03527,37,2024-09-15
O03528,38,2024-09-15
O03529,39,2024-09-15
O03530,40,2024-09-15
O03531,41,2024-09-15
O03532,42,2024-09-15
O03533,43,2024-09-15
O03534,44,2024-09-15
O03535,45,2024-09-15
O03536,46,2024-09-15
O03537,47,2024-09-15
O03538,48,2024-09-15
O03539,49,2024-09-15
O03540,50,2024-09-15
O03541,51,2024-09-15
O03542,52,2024-09-15
O03543,53,2024-09-15
O03544,54,2024-09-15
O03545,55,2024-09-15
O03546,56,2024-09-15
O03547,57,2024-09-15
O03548,58,2024-09-15
O03549,59,2024-09-15
O03550,10,2024-09-15
O03551,11,2024-09-15
O03552,12,2024-09-15
O03553,13,2024-09-15
O03554,14,2024-09-15
O03555,15,2024-09-15
O03556,16,2024-09-15
O03557,17,2024-09-15
O03558,18,2024-09-15
O03559,19,2024-09-15
O03560,20,2024-09-15
O03561,21,2024-09-15
O03562,22,2024-09-15
O03563,23,2024-09-15
O03564,24,2024-09-15
O03565,25,2024-09-15
O03566,26,2024-09-15
O03567,27,2024-09-15
O03568,28,2024-09-15
O03569,29,2024-09-15
O03570,30,2024-09-15
O03571,31,2024-09-15
O03572,32,2024-09-15
O03573,33,2024-09-15
O03574,34,2024-09-15
O03575,35,2024-09-15
O03576,36,2024-09-15
O03577,37,2024-09-15
O03578,38,2024-09-15
O03579,39,2024-09-15
O03580,40,2024-09-15
O03581,41,2024-09-15
O03582,42,2024-09-15
O03583,43,2024-09-15
O03584,44,2024-09-15
O03585,45,2024-09-15
O03586,46,2024-09-15
O03587,47,2024-09-15
O03588,48,2024-09-15
O03589,49,2024-09-15
O03590,50,2024-09-15
O03591,51,2024-09-15
O03592,52,2024-09-15
O03593,53,2024-09-15
O03594,54,2024-09-15
O03595,55,2024-09-15
O03596,56,2024-09-15
O03597,57,2024-09-15
O03598,58,2024-09-15
O03599,59,2024-09-15
O03600,10,2024-09-15
O03601,11,2024-09-15
O03602,12,2024-09-15
O03603,13,2024-09-15
O03604,14,2024-09-15
O03605,15,2024-09-15
O03606,16,2024-09-15
O03607,17,2024-09-15
O03608,18,2024-09-15
O03609,19,2024-09-15
O03610,20,2024-09-15
O03611,21,2024-09-15
O03612,22,2024-09-15
O03613,23,2024-09-15
O03614,24,2024-09-15
O03615,25,2024-09-15
O03616,26,2024-09-15
O03617,27,2024-09-15
O03618,28,2024-09-15
O03619,29,2024-09-15
O03620,30,2024-09-15
O03621,31,2024-09-15
O03622,32,2024-09-15
O03623,33,2024-09-15
O03624,34,2024-09-15
O03625,35,2024-09-15
O03626,36,2024-09-15
O03627,37,2024-09-15
O03628,38,2024-09-15
O03629,39,2024-09-15
O03630,40,2024-09-15
O03631,41,2024-09-15
O03632,42,2024-09-15
O03633,43,2024-09-15
O03634,44,2024-09-15
O03635,45,2024-09-15
O03636,46,2024-09-15
O03637,47,2024-09-15
O03638,48,2024-09-15
O03639,49,2024-09-15
O03640,50,2024-09-15
O03641,51,2024-09-15
O03642,52,2024-09-15
O03643,53,2024-09-15
O03644,54,2024-09-15
O03645,55,2024-09-15
O03646,56,2024-09-15
O03647,57,2024-09-15
O03648,58,2024-09-15
O03649,59,2024-09-15
O03650,10,2024-09-15
O03651,11,2024-09-15
O03652,12,2024-09-15
O03653,13,2024-09-15
O03654,14,2024-09-15
O03655,15,2024-09-15
O03656,16,2024-09-15
O03657,17,2024-09-15
O03658,18,2024-09-15
O03659,19,2024-09-15
O03660,20,2024-09-15
O03661,21,2024-09-15
O03662,22,2024-09-15
O03663,23,2024-09-15
O03664,24,2024-09-15
O03665,25,2024-09-15
O03666,26,2024-09-15
O03667,27,2024-09-15
O03668,28,2024-09-15
O03669,29,2024-09-15
O03670,30,2024-09-15
O03671,31,2024-09-15
O03672,32,2024-09-15
O03673,33,2024-09-15
O03674,34,2024-09-15
O03675,35,2024-09-15
O03676,36,2024-09-15
O03677,37,2024-09-15
O03678,38,2024-09-15
O03679,39,2024-09-15
O03680,40,2024-09-15
O03681,41,2024-09-15
O03682,42,2024-09-15
O03683,43,2024-09-15
O03684,44,2024-09-15
O03685,45,2024-09-15
O03686,46,2024-09-15
O03687,47,2024-09-15
O03688,48,2024-09-15
O03689,49,2024-09-15
O03690,50,2024-09-15
O03691,51,2024-09-15
O03692,52,2024-09-15
O03693,53,2024-09-15
O03694,54,2024-09-15
O03695,55,2024-09-15
O03696,56,2024-09-15
O03697,57,2024-09-15
O03698,58,2024-09-15
O03699,59,2024-09-15
O03700,10,2024-09-15
O03701,11,2024-09-15
O03702,12,2024-09-15
O03703,13,2024-09-15
O03704,14,2024-09-15
O03705,15,2024-09-15
O03706,16,2024-09-15
O03707,17,2024-09-15
O03708,18,2024-09-15
O03709,19,2024-09-15
O03710,20,2024-09-15
O03711,21,2024-09-15
O03712,22,2024-09-15
O03713,23,2024-09-15
O03714,24,2024-09-15
O03715,25,2024-09-15
O03716,26,2024-09-15
O03717,27,2024-09-15
O03718,28,2024-09-15
O03719,29,2024-09-15
O03720,30,2024-09-15
O03721,31,2024-09-15
O03722,32,2024-09-15
O03723,33,2024-09-15
O03724,34,2024-09-15
O03725,35,2024-09-15
O03726,36,2024-09-15
O03727,37,2024-09-15
O03728,38,2024-09-15
O03729,39,2024-09-15
O03730,40,2024-09-15
O03731,41,2024-09-15
O03732,42,2024-09-15
O03733,43,2024-09-15
O03734,44,2024-09-15
O03735,45,2024-09-15
O03736,46,2024-09-15
O03737,47,2024-09-15
O03738,48,2024-09-15
O03739,49,2024-09-15
O03740,50,2024-09-15
O03741,51,2024-09-15
O03742,52,2024-09-15
O03743,53,2024-09-15
O03744,54,2024-09-15
O03745,55,2024-09-15
O03746,56,2024-09-15
O03747,57,2024-09-15
O03748,58,2024-09-15
O03749,59,2024-09-15
O03750,10,2024-09-15
O03751,11,2024-09-15
O03752,12,2024-09-15
O03753,13,2024-09-15
O03754,14,2024-09-15
O03755,15,2024-09-15
O03756,16,2024-09-15
O03757,17,2024-09-15
O03758,18,2024-09-15
O03759,19,2024-09-15
O03760,20,2024-09-15
O03761,21,2024-09-15
O03762,22,2024-09-15
O03763,23,2024-09-15
O03764,24,2024-09-15
O03765,25,2024-09-15
O03766,26,2024-09-15
O03767,27,2024-09-15
O03768,28,2024-09-15
O03769,29,2024-09-15
O03770,30,2024-09-15
O03771,31,2024-09-15
O03772,32,2024-09-15
O03773,33,2024-09-15
O03774,34,2024-09-15
O03775,35,2024-09-15
O03776,36,2024-09-15
O03777,37,2024-09-15
O03778,38,2024-09-15
O03779,39,2024-09-15
O03780,40,2024-09-15
O03781,41,2024-09-15
O03782,42,2024-09-15
O03783,43,2024-09-15
O03784,44,2024-09-15
O03785,45,2024-09-15
O03786,46,2024-09-15
O03787,47,2024-09-15
O03788,48,2024-09-15
O03789,49,2024-09-15
O03790,50,2024-09-15
O03791,51,2024-09-15
O03792,52,2024-09-15
O03793,53,2024-09-15
O03794,54,2024-09-15
O03795,55,2024-09-15
O03796,56,2024-09-15
O03797,57,2024-09-15
O03798,58,2024-09-15
O03799,59,2024-09-15
O03800,10,2024-09-15
O03801,11,2024-09-15
O03802,12,2024-09-15
O03803,13,2024-09-15
O03804,14,2024-09-15
O03805,15,2024-09-15
O03806,16,2024-09-15
O03807,17,2024-09-15
O03808,18,2024-09-15
O03809,19,2024-09-15
O03810,20,2024-09-15
O03811,21,2024-09-15
O03812,22,2024-09-15
O03813,23,2024-09-15
O03814,24,2024-09-15
O03815,25,2024-09-15
O03816,26,2024-09-15
O03817,27,2024-09-15
O03818,28,2024-09-15
O03819,29,2024-09-15
O03820,30,2024-09-15
O03821,31,2024-09-15
O03822,32,2024-09-15
O03823,33,2024-09-15
O03824,34,2024-09-15
O03825,35,2024-09-15
O03826,36,2024-09-15
O03827,37,2024-09-15
O03828,38,2024-09-15
O03829,39,2024-09-15
O03830,40,2024-09-15
O03831,41,2024-09-15
O03832,42,2024-09-15
O03833,43,2024-09-15
O03834,44,2024-09-15
O03835,45,2024-09-15
O03836,46,2024-09-15
O03837,47,2024-09-15
O03838,48,2024-09-15
O03839,49,2024-09-15
O03840,50,2024-09-15
O03841,51,2024-09-15
O03842,52,2024-09-15
O03843,53,2024-09-15
O03844,54,2024-09-15
O03845,55,2024-09-15
O03846,56,2024-09-15
O03847,57,2024-09-15
O03848,58,2024-09-15
O03849,59,2024-09-15
O03850,10,2024-09-15
O03851,11,2024-09-15
O03852,12,2024-09-15
O03853,13,2024-09-15
O03854,14,2024-09-15
O03855,15,2024-09-15
O03856,16,2024-09-15
O03857,17,2024-09-15
O03858,18,2024-09-15
O03859,19,2024-09-15
O03860,20,2024-09-15
O03861,21,2024-09-15
O03862,22,2024-09-15
O03863,23,2024-09-15
O03864,24,2024-09-15
O03865,25,2024-09-15
O03866,26,2024-09-15
O03867,27,2024-09-15
O03868,28,2024-09-15
O03869,29,2024-09-15
O03870,30,2024-09-15
O03871,31,2024-09-15
O03872,32,2024-09-15
O03873,33,2024-09-15
O03874,34,2024-09-15
O03875,35,2024-09-15
O03876,36,2024-09-15
O03877,37,2024-09-15
O03878,38,2024-09-15
O03879,39,2024-09-15
O03880,40,2024-09-15
O03881,41,2024-09-15
O03882,42,2024-09-15
O03883,43,2024-09-15
O03884,44,2024-09-15
O03885,45,2024-09-15
O03886,46,2024-09-15
O03887,47,2024-09-15
O03888,48,2024-09-15
O03889,49,2024-09-15
O03890,50,2024-09-15
O03891,51,2024-09-15
O03892,52,2024-09-15
O03893,53,2024-09-15
O03894,54,2024-09-15
O03895,55,2024-09-15
O03896,56,2024-09-15
O03897,57,2024-09-15
O03898,58,2024-09-15
O03899,59,2024-09-15
O03900,10,2024-09-15
O03901,11,2024-09-15
O03902,12,2024-09-15
O03903,13,2024-09-15
O03904,14,2024-09-15
O03905,15,2024-09-15
O03906,16,2024-09-15
O03907,17,2024-09-15
O03908,18,2024-09-15
O03909,19,2024-09-15
O03910,20,2024-09-15
O03911,21,2024-09-15
O03912,22,2024-09-15
O03913,23,2024-09-15
O03914,24,2024-09-15
O03915,25,2024-09-15
O03916,26,2024-09-15
O03917,27,2024-09-15
O03918,28,2024-09-15
O03919,29,2024-09-15
O03920,30,2024-09-15
O03921,31,2024-09-15
O03922,32,2024-09-15
O03923,33,2024-09-15
O03924,34,2024-09-15
O03925,35,2024-09-15
O03926,36,2024-09-15
O03927,37,2024-09-15
O03928,38,2024-09-15
O03929,39,2024-09-15
O03930,40,2024-09-15
O03931,41,2024-09-15
O03932,42,2024-09-15
O03933,43,2024-09-15
O03934,44,2024-09-15
O03935,45,2024-09-15
O03936,46,2024-09-15
O03937,47,2024-09-15
O03938,48,2024-09-15
O03939,49,2024-09-15
O03940,50,2024-09-15
O03941,51,2024-09-15
O03942,52,2024-09-15
O03943,53,2024-09-15
O03944,54,2024-09-15
O03945,55,2024-09-15
O03946,56,2024-09-15
O03947,57,2024-09-15
O03948,58,2024-09-15
O03949,59,2024-09-15
O03950,10,2024-09-15
O03951,11,2024-09-15
O03952,12,2024-09-15
O03953,13,2024-09-15
O03954,14,2024-09-15
O03955,15,2024-09-15
O03956,16,2024-09-15
O03957,17,2024-09-15
O03958,18,2024-09-15
O03959,19,2024-09-15
O03960,20,2024-09-15
O03961,21,2024-09-15
O03962,22,2024-09-15
O03963,23,2024-09-15
O03964,24,2024-09-15
O03965,25,2024-09-15
O03966,26,2024-09-15
O03967,27,2024-09-15
O03968,28,2024-09-15
O03969,29,2024-09-15
O03970,30,2024-09-15
O03971,31,2024-09-15
O03972,32,2024-09-15
O03973,33,2024-09-15
O03974,34,2024-09-15
O03975,35,2024-09-15
O03976,36,2024-09-15
O03977,37,2024-09-15
O03978,38,2024-09-15
O03979,39,2024-09-15
O03980,40,2024-09-15
O03981,41,2024-09-15
O03982,42,2024-09-15
O03983,43,2024-09-15
O03984,44,2024-09-15
O03985,45,2024-09-15
O03986,46,2024-09-15
O03987,47,2024-09-15
O03988,48,2024-09-15
O03989,49,2024-09-15
O03990,50,2024-09-15
O03991,51,2024-09-15
O03992,52,2024-09-15
O03993,53,2024-09-15
O03994,54,2024-09-15
O03995,55,2024-09-15
O03996,56,2024-09-15
O03997,57,2024-09-15
O03998,58,2024-09-15
O03999,59,2024-09-15
O04000,10,2024-09-15
O04001,11,2024-09-15
O04002,12,2024-09-15
O04003,13,2024-09-15
O04004,14,2024-09-15
O04005,15,2024-09-15
O04006,16,2024-09-15
O04007,17,2024-09-15
O04008,18,2024-09-15
O04009,19,2024-09-15
O04010,20,2024-09-15
O04011,21,2024-09-15
O04012,22,2024-09-15
O04013,23,2024-09-15
O04014,24,2024-09-15
O04015,25,2024-09-15
O04016,26,2024-09-15
O04017,27,2024-09-15
O04018,28,2024-09-15
O04019,29,2024-09-15
O04020,30,2024-09-15
O04021,31,2024-09-15
O04022,32,2024-09-15
O04023,33,2024-09-15
O04024,34,2024-09-15
O04025,35,2024-09-15
O04026,36,2024-09-15
O04027,37,2024-09-15
O04028,38,2024-09-15
O04029,39,2024-09-15
O04030,40,2024-09-15
O04031,41,2024-09-15
O04032,42,2024-09-15
O04033,43,2024-09-15
O04034,44,2024-09-15
O04035,45,2024-09-15
O04036,46,2024-09-15
O04037,47,2024-09-15
O04038,48,2024-09-15
O04039,49,2024-09-15
O04040,50,2024-09-15
O04041,51,2024-09-15
O04042,52,2024-09-15
O04043,53,2024-09-15
O04044,54,2024-09-15
O04045,55,2024-09-15
O04046,56,2024-09-15
O04047,57,2024-09-15
O04048,58,2024-09-15
O04049,59,2024-09-15
O04050,10,2024-09-15
O04051,11,2024-09-15
O04052,12,2024-09-15
O04053,13,2024-09-15
O04054,14,2024-09-15
O04055,15,2024-09-15
O04056,16,2024-09-15
O04057,17,2024-09-15
O04058,18,2024-09-15
O04059,19,2024-09-15
O04060,20,2024-09-15
O04061,21,2024-09-15
O04062,22,2024-09-15
O04063,23,2024-09-15
O04064,24,2024-09-15
O04065,25,2024-09-15
O04066,26,2024-09-15
O04067,27,2024-09-15
O04068,28,2024-09-15
O04069,29,2024-09-15
O04070,30,2024-09-15
O04071,31,2024-09-15
O04072,32,2024-09-15
O04073,33,2024-09-15
O04074,34,2024-09-15
O04075,35,2024-09-15
O04076,36,2024-09-15
O04077,37,2024-09-15
O04078,38,2024-09-15
O04079,39,2024-09-15
O04080,40,2024-09-15
O04081,41,2024-09-15
O04082,42,2024-09-15
O04083,43,2024-09-15
O04084,44,2024-09-15
O04085,45,2024-09-15
O04086,46,2024-09-15
O04087,47,2024-09-15
O04088,48,2024-09-15
O04089,49,2024-09-15
O04090,50,2024-09-15
O04091,51,2024-09-15
O04092,52,2024-09-15
O04093,53,2024-09-15
O04094,54,2024-09-15
O04095,55,2024-09-15
O04096,56,2024-09-15
O04097,57,2024-09-15
O04098,58,2024-09-15
O04099,59,2024-09-15
O04100,10,2024-09-15
O04101,11,2024-09-15
O04102,12,2024-09-15
O04103,13,2024-09-15
O04104,14,2024-09-15
O04105,15,2024-09-15
O04106,16,2024-09-15
O04107,17,2024-09-15
O04108,18,2024-09-15
O04109,19,2024-09-15
O04110,20,2024-09-15
O04111,21,2024-09-15
O04112,22,2024-09-15
O04113,23,2024-09-15
O04114,24,2024-09-15
O04115,25,2024-09-15
O04116,26,2024-09-15
O04117,27,2024-09-15
O04118,28,2024-09-15
O04119,29,2024-09-15
O04120,30,2024-09-15
O04121,31,2024-09-15
O04122,32,2024-09-15
O04123,33,2024-09-15
O04124,34,2024-09-15
O04125,35,2024-09-15
O04126,36,2024-09-15
O04127,37,2024-09-15
O04128,38,2024-09-15
O04129,39,2024-09-15
O04130,40,2024-09-15
O04131,41,2024-09-15
O04132,42,2024-09-15
O04133,43,2024-09-15
O04134,44,2024-09-15
O04135,45,2024-09-15
O04136,46,2024-09-15
O04137,47,2024-09-15
O04138,48,2024-09-15
O04139,49,2024-09-15
O04140,50,2024-09-15
O04141,51,2024-09-15
O04142,52,2024-09-15
O04143,53,2024-09-15
O04144,54,2024-09-15
O04145,55,2024-09-15
O04146,56,2024-09-15
O04147,57,2024-09-15
O04148,58,2024-09-15
O04149,59,2024-09-15
O04150,10,2024-09-15
O04151,11,2024-09-15
O04152,12,2024-09-15
O04153,13,2024-09-15
O04154,14,2024-09-15
O04155,15,2024-09-15
O04156,16,2024-09-15
O04157,17,2024-09-15
O04158,18,2024-09-15
O04159,19,2024-09-15
O04160,20,2024-09-15
O04161,21,2024-09-15
O04162,22,2024-09-15
O04163,23,2024-09-15
O04164,24,2024-09-15
O04165,25,2024-09-15
O04166,26,2024-09-15
O04167,27,2024-09-15
O04168,28,2024-09-15
O04169,29,2024-09-15
O04170,30,2024-09-15
O04171,31,2024-09-15
O04172,32,2024-09-15
O04173,33,2024-09-15
O04174,34,2024-09-15
O04175,35,2024-09-15
O04176,36,2024-09-15
O04177,37,2024-09-15
O04178,38,2024-09-15
O04179,39,2024-09-15
O04180,40,2024-09-15
O04181,41,2024-09-15
O04182,42,2024-09-15
O04183,43,2024-09-15
O04184,44,2024-09-15
O04185,45,2024-09-15
O04186,46,2024-09-15
O04187,47,2024-09-15
O04188,48,2024-09-15
O04189,49,2024-09-15
O04190,50,2024-09-15
O04191,51,2024-09-15
O04192,52,2024-09-15
O04193,53,2024-09-15
O04194,54,2024-09-15
O04195,55,2024-09-15
O04196,56,2024-09-15
O04197,57,2024-09-15
O04198,58,2024-09-15
O04199,59,2024-09-15
O04200,10,2024-09-15
O04201,11,2024-09-15
O04202,12,2024-09-15
O04203,13,2024-09-15
O04204,14,2024-09-15
O04205,15,2024-09-15
O04206,16,2024-09-15
O04207,17,2024-09-15
O04208,18,2024-09-15
O04209,19,2024-09-15
O04210,20,2024-09-15
O04211,21,2024-09-15
O04212,22,2024-09-15
O04213,23,2024-09-15
O04214,24,2024-09-15
O04215,25,2024-09-15
O04216,26,2024-09-15
O04217,27,2024-09-15
O04218,28,2024-09-15
O04219,29,2024-09-15
O04220,30,2024-09-15
O04221,31,2024-09-15
O04222,32,2024-09-15
O04223,33,2024-09-15
O04224,34,2024-09-15
O04225,35,2024-09-15
O04226,36,2024-09-15
O04227,37,2024-09-15
O04228,38,2024-09-15
O04229,39,2024-09-15
O04230,40,2024-09-15
O04231,41,2024-09-15
O04232,42,2024-09-15
O04233,43,2024-09-15
O04234,44,2024-09-15
O04235,45,2024-09-15
O04236,46,2024-09-15
O04237,47,2024-09-15
O04238,48,2024-09-15
O04239,49,2024-09-15
O04240,50,2024-09-15
O04241,51,2024-09-15
O04242,52,2024-09-15
O04243,53,2024-09-15
O04244,54,2024-09-15
O04245,55,2024-09-15
O04246,56,2024-09-15
O04247,57,2024-09-15
O04248,58,2024-09-15
O04249,59,2024-09-15
O04250,10,2024-09-15
O04251,11,2024-09-15
O04252,12,2024-09-15
O04253,13,2024-09-15
O04254,14,2024-09-15
O04255,15,2024-09-15
O04256,16,2024-09-15
O04257,17,2024-09-15
O04258,18,2024-09-15
O04259,19,2024-09-15
O04260,20,2024-09-15
O04261,21,2024-09-15
O04262,22,2024-09-15
O04263,23,2024-09-15
O04264,24,2024-09-15
O04265,25,2024-09-15
O04266,26,2024-09-15
O04267,27,2024-09-15
O04268,28,2024-09-15
O04269,29,2024-09-15
O04270,30,2024-09-15
O04271,31,2024-09-15
O04272,32,2024-09-15
O04273,33,2024-09-15
O04274,34,2024-09-15
O04275,35,2024-09-15
O04276,36,2024-09-15
O04277,37,2024-09-15
O04278,38,2024-09-15
O04279,39,2024-09-15
O04280,40,2024-09-15
O04281,41,2024-09-15
O04282,42,2024-09-15
O04283,43,2024-09-15
O04284,44,2024-09-15
O04285,45,2024-09-15
O04286,46,2024-09-15
O04287,47,2024-09-15
O04288,48,2024-09-15
O04289,49,2024-09-15
O04290,50,2024-09-15
O04291,51,2024-09-15
O04292,52,2024-09-15
O04293,53,2024-09-15
O04294,54,2024-09-15
O04295,55,2024-09-15
O04296,56,2024-09-15
O04297,57,2024-09-15
O04298,58,2024-09-15
O04299,59,2024-09-15
O04300,10,2024-09-15
O04301,11,2024-09-15
O04302,12,2024-09-15
O04303,13,2024-09-15
O04304,14,2024-09-15
O04305,15,2024-09-15
O04306,16,2024-09-15
O04307,17,2024-09-15
O04308,18,2024-09-15
O04309,19,2024-09-15
O04310,20,2024-09-15
O04311,21,2024-09-15
O04312,22,2024-09-15
O04313,23,2024-09-15
O04314,24,2024-09-15
O04315,25,2024-09-15
O04316,26,2024-09-15
O04317,27,2024-09-15
O04318,28,2024-09-15
O04319,29,2024-09-15
O04320,30,2024-09-15
O04321,31,2024-09-15
O04322,32,2024-09-15
O04323,33,2024-09-15
O04324,34,2024-09-15
O04325,35,2024-09-15
O04326,36,2024-09-15
O04327,37,2024-09-15
O04328,38,2024-09-15
O04329,39,2024-09-15
O04330,40,2024-09-15
O04331,41,2024-09-15
O04332,42,2024-09-15
O04333,43,2024-09-15
O04334,44,2024-09-15
O04335,45,2024-09-15
O04336,46,2024-09-15
O04337,47,2024-09-15
O04338,48,2024-09-15
O04339,49,2024-09-15
O04340,50,2024-09-15
O04341,51,2024-09-15
O04342,52,2024-09-15
O04343,53,2024-09-15
O04344,54,2024-09-15
O04345,55,2024-09-15
O04346,56,2024-09-15
O04347,57,2024-09-15
O04348,58,2024-09-15
O04349,59,2024-09-15
O04350,10,2024-09-15
O04351,11,2024-09-15
O04352,12,2024-09-15
O04353,13,2024-09-15
O04354,14,2024-09-15
O04355,15,2024-09-15
O04356,16,2024-09-15
O04357,17,2024-09-15
O04358,18,2024-09-15
O04359,19,2024-09-15
O04360,20,2024-09-15
O04361,21,2024-09-15
O04362,22,2024-09-15
O04363,23,2024-09-15
O04364,24,2024-09-15
O04365,25,2024-09-15
O04366,26,2024-09-15
O04367,27,2024-09-15
O04368,28,2024-09-15
O04369,29,2024-09-15
O04370,30,2024-09-15
O04371,31,2024-09-15
O04372,32,2024-09-15
O04373,33,2024-09-15
O04374,34,2024-09-15
O04375,35,2024-09-15
O04376,36,2024-09-15
O04377,37,2024-09-15
O04378,38,2024-09-15
O04379,39,2024-09-15
O04380,40,2024-09-15
O04381,41,2024-09-15
O04382,42,2024-09-15
O04383,43,2024-09-15
O04384,44,2024-09-15
O04385,45,2024-09-15
O04386,46,2024-09-15
O04387,47,2024-09-15
O04388,48,2024-09-15
O04389,49,2024-09-15
O04390,50,2024-09-15
O04391,51,2024-09-15
O04392,52,2024-09-15
O04393,53,2024-09-15
O04394,54,2024-09-15
O04395,55,2024-09-15
O04396,56,2024-09-15
O04397,57,2024-09-15
O04398,58,2024-09-15
O04399,59,2024-09-15
O04400,10,2024-09-15
O04401,11,2024-09-15
O04402,12,2024-09-15
O04403,13,2024-09-15
O04404,14,2024-09-15
O04405,15,2024-09-15
O04406,16,2024-09-15
O04407,17,2024-09-15
O04408,18,2024-09-15
O04409,19,2024-09-15
O04410,20,2024-09-15
O04411,21,2024-09-15
O04412,22,2024-09-15
O04413,23,2024-09-15
O04414,24,2024-09-15
O04415,25,2024-09-15
O04416,26,2024-09-15
O04417,27,2024-09-15
O04418,28,2024-09-15
O04419,29,2024-09-15
O04420,30,2024-09-15
O04421,31,2024-09-15
O04422,32,2024-09-15
O04423,33,2024-09-15
O04424,34,2024-09-15
O04425,35,2024-09-15
O04426,36,2024-09-15
O04427,37,2024-09-15
O04428,38,2024-09-15
O04429,39,2024-09-15
O04430,40,2024-09-15
O04431,41,2024-09-15
O04432,42,2024-09-15
O04433,43,2024-09-15
O04434,44,2024-09-15
O04435,45,2024-09-15
O04436,46,2024-09-15
O04437,47,2024-09-15
O04438,48,2024-09-15
O04439,49,2024-09-15
O04440,50,2024-09-15
O04441,51,2024-09-15
O04442,52,2024-09-15
O04443,53,2024-09-15
O04444,54,2024-09-15
O04445,55,2024-09-15
O04446,56,2024-09-15
O04447,57,2024-09-15
O04448,58,2024-09-15
O04449,59,2024-09-15
O04450,10,2024-09-15
O04451,11,2024-09-15
O04452,12,2024-09-15
O04453,13,2024-09-15
O04454,14,2024-09-15
O04455,15,2024-09-15
O04456,16,2024-09-15
O04457,17,2024-09-15
O04458,18,2024-09-15
O04459,19,2024-09-15
O04460,20,2024-09-15
O04461,21,2024-09-15
O04462,22,2024-09-15
O04463,23,2024-09-15
O04464,24,2024-09-15
O04465,25,2024-09-15
O04466,26,2024-09-15
O04467,27,2024-09-15
O04468,28,2024-09-15
O04469,29,2024-09-15
O04470,30,2024-09-15
O04471,31,2024-09-15
O04472,32,2024-09-15
O04473,33,2024-09-15
O04474,34,2024-09-15
O04475,35,2024-09-15
O04476,36,2024-09-15
O04477,37,2024-09-15
O04478,38,2024-09-15
O04479,39,2024-09-15
O04480,40,2024-09-15
O04481,41,2024-09-15
O04482,42,2024-09-15
O04483,43,2024-09-15
O04484,44,2024-09-15
O04485,45,2024-09-15
O04486,46,2024-09-15
O04487,47,2024-09-15
O04488,48,2024-09-15
O04489,49,2024-09-15
O04490,50,2024-09-15
O04491,51,2024-09-15
O04492,52,2024-09-15
O04493,53,2024-09-15
O04494,54,2024-09-15
O04495,55,2024-09-15
O04496,56,2024-09-15
O04497,57,2024-09-15
O04498,58,2024-09-15
O04499,59,2024-09-15
O04500,10,2024-09-15
O04501,11,2024-09-15
O04502,12,2024-09-15
O04503,13,2024-09-15
O04504,14,2024-09-15
O04505,15,2024-09-15
O04506,16,2024-09-15
O04507,17,2024-09-15
O04508,18,2024-09-15
O04509,19,2024-09-15
O04510,20,2024-09-15
O04511,21,2024-09-15
O04512,22,2024-09-15
O04513,23,2024-09-15
O04514,24,2024-09-15
O04515,25,2024-09-15
O04516,26,2024-09-15
O04517,27,2024-09-15
O04518,28,2024-09-15
O04519,29,2024-09-15
O04520,30,2024-09-15
O04521,31,2024-09-15
O04522,32,2024-09-15
O04523,33,2024-09-15
O04524,34,2024-09-15
O04525,35,2024-09-15
O04526,36,2024-09-15
O04527,37,2024-09-15
O04528,38,2024-09-15
O04529,39,2024-09-15
O04530,40,2024-09-15
O04531,41,2024-09-15
O04532,42,2024-09-15
O04533,43,2024-09-15
O04534,44,2024-09-15
O04535,45,2024-09-15
O04536,46,2024-09-15
O04537,47,2024-09-15
O04538,48,2024-09-15
O04539,49,2024-09-15
O04540,50,2024-09-15
O04541,51,2024-09-15
O04542,52,2024-09-15
O04543,53,2024-09-15
O04544,54,2024-09-15
O04545,55,2024-09-15
O04546,56,2024-09-15
O04547,57,2024-09-15
O04548,58,2024-09-15
O04549,59,2024-09-15
O04550,10,2024-09-15
O04551,11,2024-09-15
O04552,12,2024-09-15
O04553,13,2024-09-15
O04554,14,2024-09-15
O04555,15,2024-09-15
O04556,16,2024-09-15
O04557,17,2024-09-15
O04558,18,2024-09-15
O04559,19,2024-09-15
O04560,20,2024-09-15
O04561,21,2024-09-15
O04562,22,2024-09-15
O04563,23,2024-09-15
O04564,24,2024-09-15
O04565,25,2024-09-15
O04566,26,2024-09-15
O04567,27,2024-09-15
O04568,28,2024-09-15
O04569,29,2024-09-15
O04570,30,2024-09-15
O04571,31,2024-09-15
O04572,32,2024-09-15
O04573,33,2024-09-15
O04574,34,2024-09-15
O04575,35,2024-09-15
O04576,36,2024-09-15
O04577,37,2024-09-15
O04578,38,2024-09-15
O04579,39,2024-09-15
O04580,40,2024-09-15
O04581,41,2024-09-15
O04582,42,2024-09-15
O04583,43,2024-09-15
O04584,44,2024-09-15
O04585,45,2024-09-15
O04586,46,2024-09-15
O04587,47,2024-09-15
O04588,48,2024-09-15
O04589,49,2024-09-15
O04590,50,2024-09-15
O04591,51,2024-09-15
O04592,52,2024-09-15
O04593,53,2024-09-15
O04594,54,2024-09-15
O04595,55,2024-09-15
O04596,56,2024-09-15
O04597,57,2024-09-15
O04598,58,2024-09-15
O04599,59,2024-09-15
O04600,10,2024-09-15
O04601,11,2024-09-15
O04602,12,2024-09-15
O04603,13,2024-09-15
O04604,14,2024-09-15
O04605,15,2024-09-15
O04606,16,2024-09-15
O04607,17,2024-09-15
O04608,18,2024-09-15
O04609,19,2024-09-15
O04610,20,2024-09-15
O04611,21,2024-09-15
O04612,22,2024-09-15
O04613,23,2024-09-15
O04614,24,2024-09-15
O04615,25,2024-09-15
O04616,26,2024-09-15
O04617,27,2024-09-15
O04618,28,2024-09-15
O04619,29,2024-09-15
O04620,30,2024-09-15
O04621,31,2024-09-15
O04622,32,2024-09-15
O04623,33,2024-09-15
O04624,34,2024-09-15
O04625,35,2024-09-15
O04626,36,2024-09-15
O04627,37,2024-09-15
O04628,38,2024-09-15
O04629,39,2024-09-15
O04630,40,2024-09-15
O04631,41,2024-09-15
O04632,42,2024-09-15
O04633,43,2024-09-15
O04634,44,2024-09-15
O04635,45,2024-09-15
O04636,46,2024-09-15
O04637,47,2024-09-15
O04638,48,2024-09-15
O04639,49,2024-09-15
O04640,50,2024-09-15
O04641,51,2024-09-15
O04642,52,2024-09-15
O04643,53,2024-09-15
O04644,54,2024-09-15
O04645,55,2024-09-15
O04646,56,2024-09-15
O04647,57,2024-09-15
O04648,58,2024-09-15
O04649,59,2024-09-15
O04650,10,2024-09-15
O04651,11,2024-09-15
O04652,12,2024-09-15
O04653,13,2024-09-15
O04654,14,2024-09-15
O04655,15,2024-09-15
O04656,16,2024-09-15
O04657,17,2024-09-15
O04658,18,2024-09-15
O04659,19,2024-09-15
O04660,20,2024-09-15
O04661,21,2024-09-15
O04662,22,2024-09-15
O04663,23,2024-09-15
O04664,24,2024-09-15
O04665,25,2024-09-15
O04666,26,2024-09-15
O04667,27,2024-09-15
O04668,28,2024-09-15
O04669,29,2024-09-15
O04670,30,2024-09-15
O04671,31,2024-09-15
O04672,32,2024-09-15
O04673,33,2024-09-15
O04674,34,2024-09-15
O04675,35,2024-09-15
O04676,36,2024-09-15
O04677,37,2024-09-15
O04678,38,2024-09-15
O04679,39,2024-09-15
O04680,40,2024-09-15
O04681,41,2024-09-15
O04682,42,2024-09-15
O04683,43,2024-09-15
O04684,44,2024-09-15
O04685,45,2024-09-15
O04686,46,2024-09-15
O04687,47,2024-09-15
O04688,48,2024-09-15
O04689,49,2024-09-15
O04690,50,2024-09-15
O04691,51,2024-09-15
O04692,52,2024-09-15
O04693,53,2024-09-15
O04694,54,2024-09-15
O04695,55,2024-09-15
O04696,56,2024-09-15
O04697,57,2024-09-15
O04698,58,2024-09-15
O04699,59,2024-09-15
O04700,10,2024-09-15
O04701,11,2024-09-15
O04702,12,2024-09-15
O04703,13,2024-09-15
O04704,14,2024-09-15
O04705,15,2024-09-15
O04706,16,2024-09-15
O04707,17,2024-09-15
O04708,18,2024-09-15
O04709,19,2024-09-15
O04710,20,2024-09-15
O04711,21,2024-09-15
O04712,22,2024-09-15
O04713,23,2024-09-15
O04714,24,2024-09-15
O04715,25,2024-09-15
O04716,26,2024-09-15
O04717,27,2024-09-15
O04718,28,2024-09-15
O04719,29,2024-09-15
O04720,30,2024-09-15
O04721,31,2024-09-15
O04722,32,2024-09-15
O04723,33,2024-09-15
O04724,34,2024-09-15
O04725,35,2024-09-15
O04726,36,2024-09-15
O04727,37,2024-09-15
O04728,38,2024-09-15
O04729,39,2024-09-15
O04730,40,2024-09-15
O04731,41,2024-09-15
O04732,42,2024-09-15
O04733,43,2024-09-15
O04734,44,2024-09-15
O04735,45,2024-09-15
O04736,46,2024-09-15
O04737,47,2024-09-15
O04738,48,2024-09-15
O04739,49,2024-09-15
O04740,50,2024-09-15
O04741,51,2024-09-15
O04742,52,2024-09-15
O04743,53,2024-09-15
O04744,54,2024-09-15
O04745,55,2024-09-15
O04746,56,2024-09-15
O04747,57,2024-09-15
O04748,58,2024-09-15
O04749,59,2024-09-15
O04750,10,2024-09-15
O04751,11,2024-09-15
O04752,12,2024-09-15
O04753,13,2024-09-15
O04754,14,2024-09-15
O04755,15,2024-09-15
O04756,16,2024-09-15
O04757,17,2024-09-15
O04758,18,2024-09-15
O04759,19,2024-09-15
O04760,20,2024-09-15
O04761,21,2024-09-15
O04762,22,2024-09-15
O04763,23,2024-09-15
O04764,24,2024-09-15
O04765,25,2024-09-15
O04766,26,2024-09-15
O04767,27,2024-09-15
O04768,28,2024-09-15
O04769,29,2024-09-15
O04770,30,2024-09-15
O04771,31,2024-09-15
O04772,32,2024-09-15
O04773,33,2024-09-15
O04774,34,2024-09-15
O04775,35,2024-09-15
O04776,36,2024-09-15
O04777,37,2024-09-15
O04778,38,2024-09-15
O04779,39,2024-09-15
O04780,40,2024-09-15
O04781,41,2024-09-15
O04782,42,2024-09-15
O04783,43,2024-09-15
O04784,44,2024-09-15
O04785,45,2024-09-15
O04786,46,2024-09-15
O04787,47,2024-09-15
O04788,48,2024-09-15
O04789,49,2024-09-15
O04790,50,2024-09-15
O04791,51,2024-09-15
O04792,52,2024-09-15
O04793,53,2024-09-15
O04794,54,2024-09-15
O04795,55,2024-09-15
O04796,56,2024-09-15
O04797,57,2024-09-15
O04798,58,2024-09-15
O04799,59,2024-09-15
O04800,10,2024-09-15
O04801,11,2024-09-15
O04802,12,2024-09-15
O04803,13,2024-09-15
O04804,14,2024-09-15
O04805,15,2024-09-15
O04806,16,2024-09-15
O04807,17,2024-09-15
O04808,18,2024-09-15
O04809,19,2024-09-15
O04810,20,2024-09-15
O04811,21,2024-09-15
O04812,22,2024-09-15
O04813,23,2024-09-15
O04814,24,2024-09-15
O04815,25,2024-09-15
O04816,26,2024-09-15
O04817,27,2024-09-15
O04818,28,2024-09-15
O04819,29,2024-09-15
O04820,30,2024-09-15
O04821,31,2024-09-15
O04822,32,2024-09-15
O04823,33,2024-09-15
O04824,34,2024-09-15
O04825,35,2024-09-15
O04826,36,2024-09-15
O04827,37,2024-09-15
O04828,38,2024-09-15
O04829,39,2024-09-15
O04830,40,2024-09-15
O04831,41,2024-09-15
O04832,42,2024-09-15
O04833,43,2024-09-15
O04834,44,2024-09-15
O04835,45,2024-09-15
O04836,46,2024-09-15
O04837,47,2024-09-15
O04838,48,2024-09-15
O04839,49,2024-09-15
O04840,50,2024-09-15
O04841,51,2024-09-15
O04842,52,2024-09-15
O04843,53,2024-09-15
O04844,54,2024-09-15
O04845,55,2024-09-15
O04846,56,2024-09-15
O04847,57,2024-09-15
O04848,58,2024-09-15
O04849,59,2024-09-15
O04850,10,2024-09-15
O04851,11,2024-09-15
O04852,12,2024-09-15
O04853,13,2024-09-15
O04854,14,2024-09-15
O04855,15,2024-09-15
O04856,16,2024-09-15
O04857,17,2024-09-15
O04858,18,2024-09-15
O04859,19,2024-09-15
O04860,20,2024-09-15
O04861,21,2024-09-15
O04862,22,2024-09-15
O04863,23,2024-09-15
O04864,24,2024-09-15
O04865,25,2024-09-15
O04866,26,2024-09-15
O04867,27,2024-09-15
O04868,28,2024-09-15
O04869,29,2024-09-15
O04870,30,2024-09-15
O04871,31,2024-09-15
O04872,32,2024-09-15
O04873,33,2024-09-15
O04874,34,2024-09-15
O04875,35,2024-09-15
O04876,36,2024-09-15
O04877,37,2024-09-15
O04878,38,2024-09-15
O04879,39,2024-09-15
O04880,40,2024-09-15
O04881,41,2024-09-15
O04882,42,2024-09-15
O04883,43,2024-09-15
O04884,44,2024-09-15
O04885,45,2024-09-15
O04886,46,2024-09-15
O04887,47,2024-09-15
O04888,48,2024-09-15
O04889,49,2024-09-15
O04890,50,2024-09-15
O04891,51,2024-09-15
O04892,52,2024-09-15
O04893,53,2024-09-15
O04894,54,2024-09-15
O04895,55,2024-09-15
O04896,56,2024-09-15
O04897,57,2024-09-15
O04898,58,2024-09-15
O04899,59,2024-09-15
O04900,10,2024-09-15
O04901,11,2024-09-15
O04902,12,2024-09-15
O04903,13,2024-09-15
O04904,14,2024-09-15
O04905,15,2024-09-15
O04906,16,2024-09-15
O04907,17,2024-09-15
O04908,18,2024-09-15
O04909,19,2024-09-15
O04910,20,2024-09-15
O04911,21,2024-09-15
O04912,22,2024-09-15
O04913,23,2024-09-15
O04914,24,2024-09-15
O04915,25,2024-09-15
O04916,26,2024-09-15
O04917,27,2024-09-15
O04918,28,2024-09-15
O04919,29,2024-09-15
O04920,30,2024-09-15
O04921,31,2024-09-15
O04922,32,2024-09-15
O04923,33,2024-09-15
O04924,34,2024-09-15
O04925,35,2024-09-15
O04926,36,2024-09-15
O04927,37,2024-09-15
O04928,38,2024-09-15
O04929,39,2024-09-15
O04930,40,2024-09-15
O04931,41,2024-09-15
O04932,42,2024-09-15
O04933,43,2024-09-15
O04934,44,2024-09-15
O04935,45,2024-09-15
O04936,46,2024-09-15
O04937,47,2024-09-15
O04938,48,2024-09-15
O04939,49,2024-09-15
O04940,50,2024-09-15
O04941,51,2024-09-15
O04942,52,2024-09-15
O04943,53,2024-09-15
O04944,54,2024-09-15
O04945,55,2024-09-15
O04946,56,2024-09-15
O04947,57,2024-09-15
O04948,58,2024-09-15
O04949,59,2024-09-15
O04950,10,2024-09-15
O04951,11,2024-09-15
O04952,12,2024-09-15
O04953,13,2024-09-15
O04954,14,2024-09-15
O04955,15,2024-09-15
O04956,16,2024-09-15
O04957,17,2024-09-15
O04958,18,2024-09-15
O04959,19,2024-09-15
O04960,20,2024-09-15
O04961,21,2024-09-15
O04962,22,2024-09-15
O04963,23,2024-09-15
O04964,24,2024-09-15
O04965,25,2024-09-15
O04966,26,2024-09-15
O04967,27,2024-09-15
O04968,28,2024-09-15
O04969,29,2024-09-15
O04970,30,2024-09-15
O04971,31,2024-09-15
O04972,32,2024-09-15
O04973,33,2024-09-15
O04974,34,2024-09-15
O04975,35,2024-09-15
O04976,36,2024-09-15
O04977,37,2024-09-15
O04978,38,2024-09-15
O04979,39,2024-09-15
O04980,40,2024-09-15
O04981,41,2024-09-15
O04982,42,2024-09-15
O04983,43,2024-09-15
O04984,44,2024-09-15
O04985,45,2024-09-15
O04986,46,2024-09-15
O04987,47,2024-09-15
O04988,48,2024-09-15
O04989,49,2024-09-15
O04990,50,2024-09-15
O04991,51,2024-09-15
O04992,52,2024-09-15
O04993,53,2024-09-15
O04994,54,2024-09-15
O04995,55,2024-09-15
O04996,56,2024-09-15
O04997,57,2024-09-15
O04998,58,2024-09-15
O04999,59,2024-09-15
