person_number,full_name,job_code,hire_date,salary_usd
E00001,Employee 1,ANALYST,2018-01-01,55900
E00002,Employee 2,NURSE,2018-03-02,56800
E00003,Employee 3,ADMIN,2018-05-01,57700
E00004,Employee 4,ENGINEER,2018-06-30,58600
E00005,Employee 5,ANALYST,2018-08-29,59500
E00006,Employee 6,NURSE,2018-10-28,60400
E00007,Employee 7,ADMIN,2018-12-27,61300
E00008,Employee 8,ENGINEER,2019-02-25,62200
E00009,Employee 9,ANALYST,2019-04-26,63100
E00010,Employee 10,NURSE,2019-06-25,64000
E00011,Employee 11,ADMIN,2019-08-24,64900
E00012,Employee 12,ENGINEER,2019-10-23,65800
E00013,Employee 13,ANALYST,2019-12-22,66700
E00014,Employee 14,NURSE,2020-02-20,67600
E00015,Employee 15,ADMIN,2020-04-20,68500
E00016,Employee 16,ENGINEER,2020-06-19,69400
E00017,Employee 17,ANALYST,2020-08-18,70300
E00018,Employee 18,NURSE,2020-10-17,71200
E00019,Employee 19,ADMIN,2020-12-16,72100
E00020,Employee 20,ENGINEER,2021-02-14,73000
E00021,Employee 21,ANALYST,2021-04-15,73900
E00022,Employee 22,NURSE,2021-06-14,74800
E00023,Employee 23,ADMIN,2021-08-13,75700
E00024,Employee 24,ENGINEER,2021-10-12,76600
E00025,Employee 25,ANALYST,2021-12-11,77500
E00026,Employee 26,NURSE,2022-02-09,78400
E00027,Employee 27,ADMIN,2022-04-10,79300
E00028,Employee 28,ENGINEER,2022-06-09,80200
E00029,Employee 29,ANALYST,2022-08-08,81100
E00030,Employee 30,NURSE,2022-10-07,82000
E00031,Employee 31,ADMIN,2022-12-06,82900
E00032,Employee 32,ENGINEER,2023-02-04,83800
E00033,Employee 33,ANALYST,2023-04-05,84700
E00034,Employee 34,NURSE,2023-06-04,85600
E00035,Employee 35,ADMIN,2023-08-03,86500
E00036,Employee 36,ENGINEER,2023-10-02,87400
E00037,Employee 37,ANALYST,2023-12-01,88300
E00038,Employee 38,NURSE,2024-01-30,89200
E00039,Employee 39,ADMIN,2024-03-30,90100
E00040,Employee 40,ENGINEER,2024-05-29,91000
E00041,Employee 41,ANALYST,2024-07-28,91900
E00042,Employee 42,NURSE,2024-09-26,92800
E00043,Employee 43,ADMIN,2024-11-25,93700
E00044,Employee 44,ENGINEER,2025-01-24,94600
E00045,Employee 45,ANALYST,2025-03-25,95500
E00046,Employee 46,NURSE,2025-05-24,96400
E00047,Employee 47,ADMIN,2025-07-23,97300
E00048,Employee 48,ENGINEER,2025-09-21,98200
E00049,Employee 49,ANALYST,2025-11-20,99100
E00050,Employee 50,NURSE,2026-01-19,55000
E00051,Employee 51,ADMIN,2026-03-20,55900
E00052,Employee 52,ENGINEER,2026-05-19,56800
E00053,Employee 53,ANALYST,2026-07-18,57700
E00054,Employee 54,NURSE,2026-09-16,58600
E00055,Employee 55,ADMIN,2026-11-15,59500
E00056,Employee 56,ENGINEER,2027-01-14,60400
E00057,Employee 57,ANALYST,2027-03-15,61300
E00058,Employee 58,NURSE,2027-05-14,62200
E00059,Employee 59,ADMIN,2027-07-13,63100
E00060,Employee 60,ENGINEER,2027-09-11,64000
